
INSERT INTO employee (emp_no, birth_date, first_name, last_name, gender, hire_date) VALUES(10001, '1953-09-02', 'Georgi', 'Facello', 'M', '1986-06-26');
INSERT INTO employee (emp_no, birth_date, first_name, last_name, gender, hire_date) VALUES(10002, '1964-06-02', 'Bezalel', 'Simmel', 'F', '1985-11-21');
INSERT INTO employee (emp_no, birth_date, first_name, last_name, gender, hire_date) VALUES(10003, '1959-12-03', 'Parto', 'Bamford', 'M', '1986-08-28');
INSERT INTO employee (emp_no, birth_date, first_name, last_name, gender, hire_date) VALUES(10004, '1954-05-01', 'Chirstian', 'Koblick', 'M', '1986-12-01');
INSERT INTO employee (emp_no, birth_date, first_name, last_name, gender, hire_date) VALUES(10005, '1955-01-21', 'Kyoichi', 'Maliniak', 'M', '1989-09-12');
INSERT INTO employee (emp_no, birth_date, first_name, last_name, gender, hire_date) VALUES(10006, '1953-04-20', 'Anneke', 'Preusig', 'F', '1989-06-02');
INSERT INTO employee (emp_no, birth_date, first_name, last_name, gender, hire_date) VALUES(10007, '1957-05-23', 'Tzvetan', 'Zielinski', 'F', '1989-02-10');
INSERT INTO employee (emp_no, birth_date, first_name, last_name, gender, hire_date) VALUES(10008, '1958-02-19', 'Saniya', 'Kalloufi', 'M', '1994-09-15');
INSERT INTO employee (emp_no, birth_date, first_name, last_name, gender, hire_date) VALUES(10009, '1952-04-19', 'Sumant', 'Peac', 'F', '1985-02-18');
INSERT INTO employee (emp_no, birth_date, first_name, last_name, gender, hire_date) VALUES(10010, '1963-06-01', 'Duangkaew', 'Piveteau', 'F', '1989-08-24');
INSERT INTO employee (emp_no, birth_date, first_name, last_name, gender, hire_date) VALUES(10011, '1953-11-07', 'Mary', 'Sluis', 'F', '1990-01-22');
INSERT INTO employee (emp_no, birth_date, first_name, last_name, gender, hire_date) VALUES(10012, '1960-10-04', 'Patricio', 'Bridgland', 'M', '1992-12-18');
INSERT INTO employee (emp_no, birth_date, first_name, last_name, gender, hire_date) VALUES(10013, '1963-06-07', 'Eberhardt', 'Terkki', 'M', '1985-10-20');
INSERT INTO employee (emp_no, birth_date, first_name, last_name, gender, hire_date) VALUES(10014, '1956-02-12', 'Berni', 'Genin', 'M', '1987-03-11');
INSERT INTO employee (emp_no, birth_date, first_name, last_name, gender, hire_date) VALUES(10015, '1959-08-19', 'Guoxiang', 'Nooteboom', 'M', '1987-07-02');
INSERT INTO employee (emp_no, birth_date, first_name, last_name, gender, hire_date) VALUES(10016, '1961-05-02', 'Kazuhito', 'Cappelletti', 'M', '1995-01-27');
INSERT INTO employee (emp_no, birth_date, first_name, last_name, gender, hire_date) VALUES(10017, '1958-07-06', 'Cristinel', 'Bouloucos', 'F', '1993-08-03');
INSERT INTO employee (emp_no, birth_date, first_name, last_name, gender, hire_date) VALUES(10018, '1954-06-19', 'Kazuhide', 'Peha', 'F', '1987-04-03');
INSERT INTO employee (emp_no, birth_date, first_name, last_name, gender, hire_date) VALUES(10019, '1953-01-23', 'Lillian', 'Haddadi', 'M', '1999-04-30');
INSERT INTO employee (emp_no, birth_date, first_name, last_name, gender, hire_date) VALUES(10020, '1952-12-24', 'Mayuko', 'Warwick', 'M', '1991-01-26');
INSERT INTO employee (emp_no, birth_date, first_name, last_name, gender, hire_date) VALUES(10021, '1960-02-20', 'Ramzi', 'Erde', 'M', '1988-02-10');
INSERT INTO employee (emp_no, birth_date, first_name, last_name, gender, hire_date) VALUES(10022, '1952-07-08', 'Shahaf', 'Famili', 'M', '1995-08-22');
INSERT INTO employee (emp_no, birth_date, first_name, last_name, gender, hire_date) VALUES(10023, '1953-09-29', 'Bojan', 'Montemayor', 'F', '1989-12-17');
INSERT INTO employee (emp_no, birth_date, first_name, last_name, gender, hire_date) VALUES(10024, '1958-09-05', 'Suzette', 'Pettey', 'F', '1997-05-19');
INSERT INTO employee (emp_no, birth_date, first_name, last_name, gender, hire_date) VALUES(10025, '1958-10-31', 'Prasadram', 'Heyers', 'M', '1987-08-17');
INSERT INTO employee (emp_no, birth_date, first_name, last_name, gender, hire_date) VALUES(10026, '1953-04-03', 'Yongqiao', 'Berztiss', 'M', '1995-03-20');
INSERT INTO employee (emp_no, birth_date, first_name, last_name, gender, hire_date) VALUES(10027, '1962-07-10', 'Divier', 'Reistad', 'F', '1989-07-07');
INSERT INTO employee (emp_no, birth_date, first_name, last_name, gender, hire_date) VALUES(10028, '1963-11-26', 'Domenick', 'Tempesti', 'M', '1991-10-22');
INSERT INTO employee (emp_no, birth_date, first_name, last_name, gender, hire_date) VALUES(10029, '1956-12-13', 'Otmar', 'Herbst', 'M', '1985-11-20');
INSERT INTO employee (emp_no, birth_date, first_name, last_name, gender, hire_date) VALUES(10030, '1958-07-14', 'Elvis', 'Demeyer', 'M', '1994-02-17');
INSERT INTO employee (emp_no, birth_date, first_name, last_name, gender, hire_date) VALUES(10031, '1959-01-27', 'Karsten', 'Joslin', 'M', '1991-09-01');
INSERT INTO employee (emp_no, birth_date, first_name, last_name, gender, hire_date) VALUES(10032, '1960-08-09', 'Jeong', 'Reistad', 'F', '1990-06-20');
INSERT INTO employee (emp_no, birth_date, first_name, last_name, gender, hire_date) VALUES(10033, '1956-11-14', 'Arif', 'Merlo', 'M', '1987-03-18');
INSERT INTO employee (emp_no, birth_date, first_name, last_name, gender, hire_date) VALUES(10034, '1962-12-29', 'Bader', 'Swan', 'M', '1988-09-21');
INSERT INTO employee (emp_no, birth_date, first_name, last_name, gender, hire_date) VALUES(10035, '1953-02-08', 'Alain', 'Chappelet', 'M', '1988-09-05');
INSERT INTO employee (emp_no, birth_date, first_name, last_name, gender, hire_date) VALUES(10036, '1959-08-10', 'Adamantios', 'Portugali', 'M', '1992-01-03');
INSERT INTO employee (emp_no, birth_date, first_name, last_name, gender, hire_date) VALUES(10037, '1963-07-22', 'Pradeep', 'Makrucki', 'M', '1990-12-05');
INSERT INTO employee (emp_no, birth_date, first_name, last_name, gender, hire_date) VALUES(10038, '1960-07-20', 'Huan', 'Lortz', 'M', '1989-09-20');
INSERT INTO employee (emp_no, birth_date, first_name, last_name, gender, hire_date) VALUES(10039, '1959-10-01', 'Alejandro', 'Brender', 'M', '1988-01-19');
INSERT INTO employee (emp_no, birth_date, first_name, last_name, gender, hire_date) VALUES(10040, '1959-09-13', 'Weiyi', 'Meriste', 'F', '1993-02-14');
INSERT INTO employee (emp_no, birth_date, first_name, last_name, gender, hire_date) VALUES(10041, '1959-08-27', 'Uri', 'Lenart', 'F', '1989-11-12');
INSERT INTO employee (emp_no, birth_date, first_name, last_name, gender, hire_date) VALUES(10042, '1956-02-26', 'Magy', 'Stamatiou', 'F', '1993-03-21');
INSERT INTO employee (emp_no, birth_date, first_name, last_name, gender, hire_date) VALUES(10043, '1960-09-19', 'Yishay', 'Tzvieli', 'M', '1990-10-20');
INSERT INTO employee (emp_no, birth_date, first_name, last_name, gender, hire_date) VALUES(10044, '1961-09-21', 'Mingsen', 'Casley', 'F', '1994-05-21');
INSERT INTO employee (emp_no, birth_date, first_name, last_name, gender, hire_date) VALUES(10045, '1957-08-14', 'Moss', 'Shanbhogue', 'M', '1989-09-02');
INSERT INTO employee (emp_no, birth_date, first_name, last_name, gender, hire_date) VALUES(10046, '1960-07-23', 'Lucien', 'Rosenbaum', 'M', '1992-06-20');
INSERT INTO employee (emp_no, birth_date, first_name, last_name, gender, hire_date) VALUES(10047, '1952-06-29', 'Zvonko', 'Nyanchama', 'M', '1989-03-31');
INSERT INTO employee (emp_no, birth_date, first_name, last_name, gender, hire_date) VALUES(10048, '1963-07-11', 'Florian', 'Syrotiuk', 'M', '1985-02-24');
INSERT INTO employee (emp_no, birth_date, first_name, last_name, gender, hire_date) VALUES(10049, '1961-04-24', 'Basil', 'Tramer', 'F', '1992-05-04');
INSERT INTO employee (emp_no, birth_date, first_name, last_name, gender, hire_date) VALUES(10050, '1958-05-21', 'Yinghua', 'Dredge', 'M', '1990-12-25');
INSERT INTO employee (emp_no, birth_date, first_name, last_name, gender, hire_date) VALUES(10051, '1953-07-28', 'Hidefumi', 'Caine', 'M', '1992-10-15');
INSERT INTO employee (emp_no, birth_date, first_name, last_name, gender, hire_date) VALUES(10052, '1961-02-26', 'Heping', 'Nitsch', 'M', '1988-05-21');
INSERT INTO employee (emp_no, birth_date, first_name, last_name, gender, hire_date) VALUES(10053, '1954-09-13', 'Sanjiv', 'Zschoche', 'F', '1986-02-04');
INSERT INTO employee (emp_no, birth_date, first_name, last_name, gender, hire_date) VALUES(10054, '1957-04-04', 'Mayumi', 'Schueller', 'M', '1995-03-13');
INSERT INTO employee (emp_no, birth_date, first_name, last_name, gender, hire_date) VALUES(10055, '1956-06-06', 'Georgy', 'Dredge', 'M', '1992-04-27');
INSERT INTO employee (emp_no, birth_date, first_name, last_name, gender, hire_date) VALUES(10056, '1961-09-01', 'Brendon', 'Bernini', 'F', '1990-02-01');
INSERT INTO employee (emp_no, birth_date, first_name, last_name, gender, hire_date) VALUES(10057, '1954-05-30', 'Ebbe', 'Callaway', 'F', '1992-01-15');
INSERT INTO employee (emp_no, birth_date, first_name, last_name, gender, hire_date) VALUES(10058, '1954-10-01', 'Berhard', 'McFarlin', 'M', '1987-04-13');
INSERT INTO employee (emp_no, birth_date, first_name, last_name, gender, hire_date) VALUES(10059, '1953-09-19', 'Alejandro', 'McAlpine', 'F', '1991-06-26');
INSERT INTO employee (emp_no, birth_date, first_name, last_name, gender, hire_date) VALUES(10060, '1961-10-15', 'Breannda', 'Billingsley', 'M', '1987-11-02');
INSERT INTO employee (emp_no, birth_date, first_name, last_name, gender, hire_date) VALUES(10061, '1962-10-19', 'Tse', 'Herber', 'M', '1985-09-17');
INSERT INTO employee (emp_no, birth_date, first_name, last_name, gender, hire_date) VALUES(10062, '1961-11-02', 'Anoosh', 'Peyn', 'M', '1991-08-30');
INSERT INTO employee (emp_no, birth_date, first_name, last_name, gender, hire_date) VALUES(10063, '1952-08-06', 'Gino', 'Leonhardt', 'F', '1989-04-08');
INSERT INTO employee (emp_no, birth_date, first_name, last_name, gender, hire_date) VALUES(10064, '1959-04-07', 'Udi', 'Jansch', 'M', '1985-11-20');
INSERT INTO employee (emp_no, birth_date, first_name, last_name, gender, hire_date) VALUES(10065, '1963-04-14', 'Satosi', 'Awdeh', 'M', '1988-05-18');
INSERT INTO employee (emp_no, birth_date, first_name, last_name, gender, hire_date) VALUES(10066, '1952-11-13', 'Kwee', 'Schusler', 'M', '1986-02-26');
INSERT INTO employee (emp_no, birth_date, first_name, last_name, gender, hire_date) VALUES(10067, '1953-01-07', 'Claudi', 'Stavenow', 'M', '1987-03-04');
INSERT INTO employee (emp_no, birth_date, first_name, last_name, gender, hire_date) VALUES(10068, '1962-11-26', 'Charlene', 'Brattka', 'M', '1987-08-07');
INSERT INTO employee (emp_no, birth_date, first_name, last_name, gender, hire_date) VALUES(10069, '1960-09-06', 'Margareta', 'Bierman', 'F', '1989-11-05');
INSERT INTO employee (emp_no, birth_date, first_name, last_name, gender, hire_date) VALUES(10070, '1955-08-20', 'Reuven', 'Garigliano', 'M', '1985-10-14');
INSERT INTO employee (emp_no, birth_date, first_name, last_name, gender, hire_date) VALUES(10071, '1958-01-21', 'Hisao', 'Lipner', 'M', '1987-10-01');
INSERT INTO employee (emp_no, birth_date, first_name, last_name, gender, hire_date) VALUES(10072, '1952-05-15', 'Hironoby', 'Sidou', 'F', '1988-07-21');
INSERT INTO employee (emp_no, birth_date, first_name, last_name, gender, hire_date) VALUES(10073, '1954-02-23', 'Shir', 'McClurg', 'M', '1991-12-01');
INSERT INTO employee (emp_no, birth_date, first_name, last_name, gender, hire_date) VALUES(10074, '1955-08-28', 'Mokhtar', 'Bernatsky', 'F', '1990-08-13');
INSERT INTO employee (emp_no, birth_date, first_name, last_name, gender, hire_date) VALUES(10075, '1960-03-09', 'Gao', 'Dolinsky', 'F', '1987-03-19');
INSERT INTO employee (emp_no, birth_date, first_name, last_name, gender, hire_date) VALUES(10076, '1952-06-13', 'Erez', 'Ritzmann', 'F', '1985-07-09');
INSERT INTO employee (emp_no, birth_date, first_name, last_name, gender, hire_date) VALUES(10077, '1964-04-18', 'Mona', 'Azuma', 'M', '1990-03-02');
INSERT INTO employee (emp_no, birth_date, first_name, last_name, gender, hire_date) VALUES(10078, '1959-12-25', 'Danel', 'Mondadori', 'F', '1987-05-26');
INSERT INTO employee (emp_no, birth_date, first_name, last_name, gender, hire_date) VALUES(10079, '1961-10-05', 'Kshitij', 'Gils', 'F', '1986-03-27');
INSERT INTO employee (emp_no, birth_date, first_name, last_name, gender, hire_date) VALUES(10080, '1957-12-03', 'Premal', 'Baek', 'M', '1985-11-19');
INSERT INTO employee (emp_no, birth_date, first_name, last_name, gender, hire_date) VALUES(10081, '1960-12-17', 'Zhongwei', 'Rosen', 'M', '1986-10-30');
INSERT INTO employee (emp_no, birth_date, first_name, last_name, gender, hire_date) VALUES(10082, '1963-09-09', 'Parviz', 'Lortz', 'M', '1990-01-03');
INSERT INTO employee (emp_no, birth_date, first_name, last_name, gender, hire_date) VALUES(10083, '1959-07-23', 'Vishv', 'Zockler', 'M', '1987-03-31');
INSERT INTO employee (emp_no, birth_date, first_name, last_name, gender, hire_date) VALUES(10084, '1960-05-25', 'Tuval', 'Kalloufi', 'M', '1995-12-15');
INSERT INTO employee (emp_no, birth_date, first_name, last_name, gender, hire_date) VALUES(10085, '1962-11-07', 'Kenroku', 'Malabarba', 'M', '1994-04-09');
INSERT INTO employee (emp_no, birth_date, first_name, last_name, gender, hire_date) VALUES(10086, '1962-11-19', 'Somnath', 'Foote', 'M', '1990-02-16');
INSERT INTO employee (emp_no, birth_date, first_name, last_name, gender, hire_date) VALUES(10087, '1959-07-23', 'Xinglin', 'Eugenio', 'F', '1986-09-08');
INSERT INTO employee (emp_no, birth_date, first_name, last_name, gender, hire_date) VALUES(10088, '1954-02-25', 'Jungsoon', 'Syrzycki', 'F', '1988-09-02');
INSERT INTO employee (emp_no, birth_date, first_name, last_name, gender, hire_date) VALUES(10089, '1963-03-21', 'Sudharsan', 'Flasterstein', 'F', '1986-08-12');
INSERT INTO employee (emp_no, birth_date, first_name, last_name, gender, hire_date) VALUES(10090, '1961-05-30', 'Kendra', 'Hofting', 'M', '1986-03-14');
INSERT INTO employee (emp_no, birth_date, first_name, last_name, gender, hire_date) VALUES(10091, '1955-10-04', 'Amabile', 'Gomatam', 'M', '1992-11-18');
INSERT INTO employee (emp_no, birth_date, first_name, last_name, gender, hire_date) VALUES(10092, '1964-10-18', 'Valdiodio', 'Niizuma', 'F', '1989-09-22');
INSERT INTO employee (emp_no, birth_date, first_name, last_name, gender, hire_date) VALUES(10093, '1964-06-11', 'Sailaja', 'Desikan', 'M', '1996-11-05');
INSERT INTO employee (emp_no, birth_date, first_name, last_name, gender, hire_date) VALUES(10094, '1957-05-25', 'Arumugam', 'Ossenbruggen', 'F', '1987-04-18');
INSERT INTO employee (emp_no, birth_date, first_name, last_name, gender, hire_date) VALUES(10095, '1965-01-03', 'Hilari', 'Morton', 'M', '1986-07-15');
INSERT INTO employee (emp_no, birth_date, first_name, last_name, gender, hire_date) VALUES(10096, '1954-09-16', 'Jayson', 'Mandell', 'M', '1990-01-14');
INSERT INTO employee (emp_no, birth_date, first_name, last_name, gender, hire_date) VALUES(10097, '1952-02-27', 'Remzi', 'Waschkowski', 'M', '1990-09-15');
INSERT INTO employee (emp_no, birth_date, first_name, last_name, gender, hire_date) VALUES(10098, '1961-09-23', 'Sreekrishna', 'Servieres', 'F', '1985-05-13');
INSERT INTO employee (emp_no, birth_date, first_name, last_name, gender, hire_date) VALUES(10099, '1956-05-25', 'Valter', 'Sullins', 'F', '1988-10-18');
INSERT INTO employee (emp_no, birth_date, first_name, last_name, gender, hire_date) VALUES(10100, '1953-04-21', 'Hironobu', 'Haraldson', 'F', '1987-09-21');
INSERT INTO employee (emp_no, birth_date, first_name, last_name, gender, hire_date) VALUES(10101, '1952-04-15', 'Perla', 'Heyers', 'F', '1992-12-28');
INSERT INTO employee (emp_no, birth_date, first_name, last_name, gender, hire_date) VALUES(10102, '1959-11-04', 'Paraskevi', 'Luby', 'F', '1994-01-26');
INSERT INTO employee (emp_no, birth_date, first_name, last_name, gender, hire_date) VALUES(10103, '1953-11-26', 'Akemi', 'Birch', 'M', '1986-12-02');
INSERT INTO employee (emp_no, birth_date, first_name, last_name, gender, hire_date) VALUES(10104, '1961-11-19', 'Xinyu', 'Warwick', 'M', '1987-04-16');
INSERT INTO employee (emp_no, birth_date, first_name, last_name, gender, hire_date) VALUES(10105, '1962-02-05', 'Hironoby', 'Piveteau', 'M', '1999-03-23');
INSERT INTO employee (emp_no, birth_date, first_name, last_name, gender, hire_date) VALUES(10106, '1952-08-29', 'Eben', 'Aingworth', 'M', '1990-12-19');
INSERT INTO employee (emp_no, birth_date, first_name, last_name, gender, hire_date) VALUES(10107, '1956-06-13', 'Dung', 'Baca', 'F', '1994-03-22');
INSERT INTO employee (emp_no, birth_date, first_name, last_name, gender, hire_date) VALUES(10108, '1952-04-07', 'Lunjin', 'Giveon', 'M', '1986-10-02');
INSERT INTO employee (emp_no, birth_date, first_name, last_name, gender, hire_date) VALUES(10109, '1958-11-25', 'Mariusz', 'Prampolini', 'F', '1993-06-16');
INSERT INTO employee (emp_no, birth_date, first_name, last_name, gender, hire_date) VALUES(10110, '1957-03-07', 'Xuejia', 'Ullian', 'F', '1986-08-22');
INSERT INTO employee (emp_no, birth_date, first_name, last_name, gender, hire_date) VALUES(10111, '1963-08-29', 'Hugo', 'Rosis', 'F', '1988-06-19');
INSERT INTO employee (emp_no, birth_date, first_name, last_name, gender, hire_date) VALUES(10112, '1963-08-13', 'Yuichiro', 'Swick', 'F', '1985-10-08');
INSERT INTO employee (emp_no, birth_date, first_name, last_name, gender, hire_date) VALUES(10113, '1963-11-13', 'Jaewon', 'Syrzycki', 'M', '1989-12-24');
INSERT INTO employee (emp_no, birth_date, first_name, last_name, gender, hire_date) VALUES(10114, '1957-02-16', 'Munir', 'Demeyer', 'F', '1992-07-17');
INSERT INTO employee (emp_no, birth_date, first_name, last_name, gender, hire_date) VALUES(10115, '1964-12-25', 'Chikara', 'Rissland', 'M', '1986-01-23');
INSERT INTO employee (emp_no, birth_date, first_name, last_name, gender, hire_date) VALUES(10116, '1955-08-26', 'Dayanand', 'Czap', 'F', '1985-05-28');
INSERT INTO employee (emp_no, birth_date, first_name, last_name, gender, hire_date) VALUES(10117, '1961-10-24', 'Kiyotoshi', 'Blokdijk', 'F', '1990-05-28');
INSERT INTO employee (emp_no, birth_date, first_name, last_name, gender, hire_date) VALUES(10118, '1957-03-29', 'Zhonghui', 'Zyda', 'F', '1990-09-13');
INSERT INTO employee (emp_no, birth_date, first_name, last_name, gender, hire_date) VALUES(10119, '1960-12-01', 'Domenick', 'Peltason', 'M', '1986-03-14');
INSERT INTO employee (emp_no, birth_date, first_name, last_name, gender, hire_date) VALUES(10120, '1960-03-26', 'Armond', 'Fairtlough', 'F', '1996-07-06');
INSERT INTO employee (emp_no, birth_date, first_name, last_name, gender, hire_date) VALUES(10121, '1962-07-14', 'Guoxiang', 'Ramsay', 'M', '1989-05-03');
INSERT INTO employee (emp_no, birth_date, first_name, last_name, gender, hire_date) VALUES(10122, '1965-01-19', 'Ohad', 'Esposito', 'M', '1992-12-23');
INSERT INTO employee (emp_no, birth_date, first_name, last_name, gender, hire_date) VALUES(10123, '1962-05-12', 'Hinrich', 'Randi', 'M', '1993-01-15');
INSERT INTO employee (emp_no, birth_date, first_name, last_name, gender, hire_date) VALUES(10124, '1962-05-23', 'Geraldo', 'Marwedel', 'M', '1991-09-05');
INSERT INTO employee (emp_no, birth_date, first_name, last_name, gender, hire_date) VALUES(10125, '1957-09-13', 'Syozo', 'Hiltgen', 'F', '1990-10-26');
INSERT INTO employee (emp_no, birth_date, first_name, last_name, gender, hire_date) VALUES(10126, '1954-08-07', 'Kayoko', 'Valtorta', 'M', '1985-09-08');
INSERT INTO employee (emp_no, birth_date, first_name, last_name, gender, hire_date) VALUES(10127, '1952-02-24', 'Subir', 'Baja', 'F', '1989-01-14');
INSERT INTO employee (emp_no, birth_date, first_name, last_name, gender, hire_date) VALUES(10128, '1958-02-15', 'Babette', 'Lamba', 'F', '1988-06-06');
INSERT INTO employee (emp_no, birth_date, first_name, last_name, gender, hire_date) VALUES(10129, '1955-12-02', 'Armond', 'Peir', 'M', '1985-12-10');
INSERT INTO employee (emp_no, birth_date, first_name, last_name, gender, hire_date) VALUES(10130, '1955-04-27', 'Nishit', 'Casperson', 'M', '1988-06-21');
INSERT INTO employee (emp_no, birth_date, first_name, last_name, gender, hire_date) VALUES(10131, '1952-02-19', 'Magdalena', 'Eldridge', 'M', '1994-11-17');
INSERT INTO employee (emp_no, birth_date, first_name, last_name, gender, hire_date) VALUES(10132, '1956-12-15', 'Ayakannu', 'Skrikant', 'M', '1994-10-30');
INSERT INTO employee (emp_no, birth_date, first_name, last_name, gender, hire_date) VALUES(10133, '1963-12-12', 'Giri', 'Isaak', 'M', '1985-12-15');
INSERT INTO employee (emp_no, birth_date, first_name, last_name, gender, hire_date) VALUES(10134, '1953-04-15', 'Diederik', 'Siprelle', 'M', '1987-12-12');
INSERT INTO employee (emp_no, birth_date, first_name, last_name, gender, hire_date) VALUES(10135, '1956-12-23', 'Nathan', 'Monkewich', 'M', '1988-02-19');
INSERT INTO employee (emp_no, birth_date, first_name, last_name, gender, hire_date) VALUES(10136, '1961-09-14', 'Zissis', 'Pintelas', 'M', '1986-02-11');
INSERT INTO employee (emp_no, birth_date, first_name, last_name, gender, hire_date) VALUES(10137, '1959-07-30', 'Maren', 'Hutton', 'M', '1985-02-18');
INSERT INTO employee (emp_no, birth_date, first_name, last_name, gender, hire_date) VALUES(10138, '1955-04-24', 'Perry', 'Shimshoni', 'M', '1986-09-18');
INSERT INTO employee (emp_no, birth_date, first_name, last_name, gender, hire_date) VALUES(10139, '1963-03-03', 'Ewing', 'Foong', 'F', '1998-03-15');
INSERT INTO employee (emp_no, birth_date, first_name, last_name, gender, hire_date) VALUES(10140, '1957-03-11', 'Yucel', 'Auria', 'F', '1991-03-14');
INSERT INTO employee (emp_no, birth_date, first_name, last_name, gender, hire_date) VALUES(10141, '1960-01-17', 'Shahaf', 'Ishibashi', 'F', '1993-05-06');
INSERT INTO employee (emp_no, birth_date, first_name, last_name, gender, hire_date) VALUES(10142, '1956-08-29', 'Tzvetan', 'Hettesheimer', 'M', '1993-10-28');
INSERT INTO employee (emp_no, birth_date, first_name, last_name, gender, hire_date) VALUES(10143, '1961-07-16', 'Sakthirel', 'Bakhtari', 'M', '1988-09-30');
INSERT INTO employee (emp_no, birth_date, first_name, last_name, gender, hire_date) VALUES(10144, '1959-06-17', 'Marla', 'Brendel', 'M', '1985-10-14');
INSERT INTO employee (emp_no, birth_date, first_name, last_name, gender, hire_date) VALUES(10145, '1956-03-30', 'Akemi', 'Esposito', 'F', '1987-08-01');
INSERT INTO employee (emp_no, birth_date, first_name, last_name, gender, hire_date) VALUES(10146, '1959-01-12', 'Chenyi', 'Syang', 'M', '1988-06-28');
INSERT INTO employee (emp_no, birth_date, first_name, last_name, gender, hire_date) VALUES(10147, '1964-10-13', 'Kazuhito', 'Encarnacion', 'M', '1986-08-21');
INSERT INTO employee (emp_no, birth_date, first_name, last_name, gender, hire_date) VALUES(10148, '1957-10-04', 'Douadi', 'Azumi', 'M', '1995-10-10');
INSERT INTO employee (emp_no, birth_date, first_name, last_name, gender, hire_date) VALUES(10149, '1953-05-20', 'Xiadong', 'Perry', 'F', '1986-11-05');
INSERT INTO employee (emp_no, birth_date, first_name, last_name, gender, hire_date) VALUES(10150, '1955-01-29', 'Zhenbing', 'Perng', 'F', '1986-11-16');
INSERT INTO employee (emp_no, birth_date, first_name, last_name, gender, hire_date) VALUES(10151, '1959-03-06', 'Itzchak', 'Lichtner', 'M', '1990-04-10');
INSERT INTO employee (emp_no, birth_date, first_name, last_name, gender, hire_date) VALUES(10152, '1954-12-01', 'Jaques', 'Munro', 'F', '1986-01-27');
INSERT INTO employee (emp_no, birth_date, first_name, last_name, gender, hire_date) VALUES(10153, '1955-12-15', 'Heekeun', 'Majewski', 'M', '1987-04-08');
INSERT INTO employee (emp_no, birth_date, first_name, last_name, gender, hire_date) VALUES(10154, '1957-01-17', 'Abdulah', 'Thibadeau', 'F', '1990-12-12');
INSERT INTO employee (emp_no, birth_date, first_name, last_name, gender, hire_date) VALUES(10155, '1959-12-07', 'Adas', 'Nastansky', 'M', '1990-01-05');
INSERT INTO employee (emp_no, birth_date, first_name, last_name, gender, hire_date) VALUES(10156, '1964-09-19', 'Sumali', 'Fargier', 'M', '1985-03-10');
INSERT INTO employee (emp_no, birth_date, first_name, last_name, gender, hire_date) VALUES(10157, '1954-04-23', 'Nigel', 'Aloisi', 'M', '1985-11-02');
INSERT INTO employee (emp_no, birth_date, first_name, last_name, gender, hire_date) VALUES(10158, '1958-04-01', 'Khedija', 'Mitsuhashi', 'M', '1986-01-29');
INSERT INTO employee (emp_no, birth_date, first_name, last_name, gender, hire_date) VALUES(10159, '1955-03-03', 'Serif', 'Buescher', 'M', '1991-05-29');
INSERT INTO employee (emp_no, birth_date, first_name, last_name, gender, hire_date) VALUES(10160, '1953-10-18', 'Debatosh', 'Khasidashvili', 'M', '1989-01-30');
INSERT INTO employee (emp_no, birth_date, first_name, last_name, gender, hire_date) VALUES(10161, '1953-04-06', 'Hairong', 'Mellouli', 'F', '1988-04-03');
INSERT INTO employee (emp_no, birth_date, first_name, last_name, gender, hire_date) VALUES(10162, '1957-10-05', 'Florina', 'Eugenio', 'M', '1991-05-01');
INSERT INTO employee (emp_no, birth_date, first_name, last_name, gender, hire_date) VALUES(10163, '1952-09-17', 'Karsten', 'Szmurlo', 'M', '1989-07-19');
INSERT INTO employee (emp_no, birth_date, first_name, last_name, gender, hire_date) VALUES(10164, '1956-01-19', 'Jagoda', 'Braunmuhl', 'M', '1985-11-12');
INSERT INTO employee (emp_no, birth_date, first_name, last_name, gender, hire_date) VALUES(10165, '1960-06-16', 'Miyeon', 'Macedo', 'M', '1988-05-17');
INSERT INTO employee (emp_no, birth_date, first_name, last_name, gender, hire_date) VALUES(10166, '1953-05-10', 'Samphel', 'Siegrist', 'F', '1993-01-01');
INSERT INTO employee (emp_no, birth_date, first_name, last_name, gender, hire_date) VALUES(10167, '1958-05-23', 'Duangkaew', 'Rassart', 'M', '1992-04-04');
INSERT INTO employee (emp_no, birth_date, first_name, last_name, gender, hire_date) VALUES(10168, '1964-09-11', 'Dharmaraja', 'Stassinopoulos', 'M', '1986-12-06');
INSERT INTO employee (emp_no, birth_date, first_name, last_name, gender, hire_date) VALUES(10169, '1961-05-03', 'Sampalli', 'Snedden', 'F', '1992-07-24');
INSERT INTO employee (emp_no, birth_date, first_name, last_name, gender, hire_date) VALUES(10170, '1960-10-03', 'Kasturi', 'Jenevein', 'F', '1986-01-02');
INSERT INTO employee (emp_no, birth_date, first_name, last_name, gender, hire_date) VALUES(10171, '1957-09-11', 'Herbert', 'Trachtenberg', 'M', '1989-07-22');
INSERT INTO employee (emp_no, birth_date, first_name, last_name, gender, hire_date) VALUES(10172, '1957-03-25', 'Shigeu', 'Matzen', 'F', '1995-10-13');
INSERT INTO employee (emp_no, birth_date, first_name, last_name, gender, hire_date) VALUES(10173, '1962-10-28', 'Shrikanth', 'Mahmud', 'M', '1992-03-21');
INSERT INTO employee (emp_no, birth_date, first_name, last_name, gender, hire_date) VALUES(10174, '1959-05-15', 'Badri', 'Furudate', 'M', '1987-06-01');
INSERT INTO employee (emp_no, birth_date, first_name, last_name, gender, hire_date) VALUES(10175, '1960-01-11', 'Aleksandar', 'Ananiadou', 'F', '1988-01-11');
INSERT INTO employee (emp_no, birth_date, first_name, last_name, gender, hire_date) VALUES(10176, '1957-01-24', 'Brendon', 'Lenart', 'F', '1994-12-22');
INSERT INTO employee (emp_no, birth_date, first_name, last_name, gender, hire_date) VALUES(10177, '1954-11-08', 'Pragnesh', 'Iisaka', 'M', '1993-02-06');
INSERT INTO employee (emp_no, birth_date, first_name, last_name, gender, hire_date) VALUES(10178, '1963-03-13', 'Valery', 'Litvinov', 'M', '1986-10-07');
INSERT INTO employee (emp_no, birth_date, first_name, last_name, gender, hire_date) VALUES(10179, '1961-11-25', 'Deniz', 'Duclos', 'F', '1990-10-04');
INSERT INTO employee (emp_no, birth_date, first_name, last_name, gender, hire_date) VALUES(10180, '1956-01-29', 'Shaw', 'Wendorf', 'M', '1986-02-25');
INSERT INTO employee (emp_no, birth_date, first_name, last_name, gender, hire_date) VALUES(10181, '1963-01-22', 'Sibyl', 'Nooteboom', 'M', '1988-06-22');
INSERT INTO employee (emp_no, birth_date, first_name, last_name, gender, hire_date) VALUES(10182, '1961-02-04', 'Moriyoshi', 'Merey', 'F', '1990-09-02');
INSERT INTO employee (emp_no, birth_date, first_name, last_name, gender, hire_date) VALUES(10183, '1954-10-17', 'Mechthild', 'Bonifati', 'M', '1996-08-11');
INSERT INTO employee (emp_no, birth_date, first_name, last_name, gender, hire_date) VALUES(10184, '1957-05-22', 'Mihalis', 'Lowrie', 'M', '1987-10-29');
INSERT INTO employee (emp_no, birth_date, first_name, last_name, gender, hire_date) VALUES(10185, '1959-12-05', 'Duro', 'Sidhu', 'F', '1986-03-01');
INSERT INTO employee (emp_no, birth_date, first_name, last_name, gender, hire_date) VALUES(10186, '1953-07-16', 'Shigehito', 'Kropatsch', 'M', '1986-03-28');
INSERT INTO employee (emp_no, birth_date, first_name, last_name, gender, hire_date) VALUES(10187, '1961-05-26', 'Tommaso', 'Narwekar', 'F', '1991-06-01');
INSERT INTO employee (emp_no, birth_date, first_name, last_name, gender, hire_date) VALUES(10188, '1956-07-13', 'Christ', 'Muchinsky', 'F', '1987-08-27');
INSERT INTO employee (emp_no, birth_date, first_name, last_name, gender, hire_date) VALUES(10189, '1955-11-12', 'Khalid', 'Erva', 'M', '1989-10-05');
INSERT INTO employee (emp_no, birth_date, first_name, last_name, gender, hire_date) VALUES(10190, '1964-12-11', 'Arve', 'Fairtlough', 'F', '1986-06-23');
INSERT INTO employee (emp_no, birth_date, first_name, last_name, gender, hire_date) VALUES(10191, '1959-04-08', 'Zdislav', 'Nastansky', 'M', '1986-04-10');
INSERT INTO employee (emp_no, birth_date, first_name, last_name, gender, hire_date) VALUES(10192, '1960-09-16', 'Mohua', 'Falck', 'M', '1988-06-13');
INSERT INTO employee (emp_no, birth_date, first_name, last_name, gender, hire_date) VALUES(10193, '1960-06-29', 'Masaru', 'Cheshire', 'M', '1991-07-28');
INSERT INTO employee (emp_no, birth_date, first_name, last_name, gender, hire_date) VALUES(10194, '1954-01-29', 'Josyula', 'Hofmeyr', 'F', '1989-05-15');
INSERT INTO employee (emp_no, birth_date, first_name, last_name, gender, hire_date) VALUES(10195, '1963-11-13', 'Annemarie', 'Redmiles', 'M', '1985-02-15');
INSERT INTO employee (emp_no, birth_date, first_name, last_name, gender, hire_date) VALUES(10196, '1954-01-27', 'Marc', 'Hellwagner', 'M', '1994-11-16');
INSERT INTO employee (emp_no, birth_date, first_name, last_name, gender, hire_date) VALUES(10197, '1963-08-06', 'Kasidit', 'Krzyzanowski', 'F', '1993-11-22');
INSERT INTO employee (emp_no, birth_date, first_name, last_name, gender, hire_date) VALUES(10198, '1953-05-28', 'Pranav', 'Furedi', 'M', '1985-08-31');
INSERT INTO employee (emp_no, birth_date, first_name, last_name, gender, hire_date) VALUES(10199, '1959-04-07', 'Kazuhisa', 'Ranta', 'M', '1997-04-29');
INSERT INTO employee (emp_no, birth_date, first_name, last_name, gender, hire_date) VALUES(10200, '1961-12-31', 'Vidya', 'Awdeh', 'M', '1985-10-16');

INSERT INTO department (dept_no, dept_name) VALUES('d009', 'Customer Service');
INSERT INTO department (dept_no, dept_name) VALUES('d005', 'Development');
INSERT INTO department (dept_no, dept_name) VALUES('d002', 'Finance');
INSERT INTO department (dept_no, dept_name) VALUES('d003', 'Human Resources');
INSERT INTO department (dept_no, dept_name) VALUES('d001', 'Marketing');
INSERT INTO department (dept_no, dept_name) VALUES('d004', 'Production');
INSERT INTO department (dept_no, dept_name) VALUES('d006', 'Quality Management');
INSERT INTO department (dept_no, dept_name) VALUES('d008', 'Research');
INSERT INTO department (dept_no, dept_name) VALUES('d007', 'Sales');

INSERT INTO employee_department (emp_no, dept_no, from_date, to_date) VALUES(10001, 'd005', '1986-06-26', '9999-01-01');
INSERT INTO employee_department (emp_no, dept_no, from_date, to_date) VALUES(10002, 'd007', '1996-08-03', '9999-01-01');
INSERT INTO employee_department (emp_no, dept_no, from_date, to_date) VALUES(10003, 'd004', '1995-12-03', '9999-01-01');
INSERT INTO employee_department (emp_no, dept_no, from_date, to_date) VALUES(10004, 'd004', '1986-12-01', '9999-01-01');
INSERT INTO employee_department (emp_no, dept_no, from_date, to_date) VALUES(10005, 'd003', '1989-09-12', '9999-01-01');
INSERT INTO employee_department (emp_no, dept_no, from_date, to_date) VALUES(10006, 'd005', '1990-08-05', '9999-01-01');
INSERT INTO employee_department (emp_no, dept_no, from_date, to_date) VALUES(10007, 'd008', '1989-02-10', '9999-01-01');
INSERT INTO employee_department (emp_no, dept_no, from_date, to_date) VALUES(10008, 'd005', '1998-03-11', '2000-07-31');
INSERT INTO employee_department (emp_no, dept_no, from_date, to_date) VALUES(10009, 'd006', '1985-02-18', '9999-01-01');
INSERT INTO employee_department (emp_no, dept_no, from_date, to_date) VALUES(10010, 'd004', '1996-11-24', '2000-06-26');
INSERT INTO employee_department (emp_no, dept_no, from_date, to_date) VALUES(10010, 'd006', '2000-06-26', '9999-01-01');
INSERT INTO employee_department (emp_no, dept_no, from_date, to_date) VALUES(10011, 'd009', '1990-01-22', '1996-11-09');
INSERT INTO employee_department (emp_no, dept_no, from_date, to_date) VALUES(10012, 'd005', '1992-12-18', '9999-01-01');
INSERT INTO employee_department (emp_no, dept_no, from_date, to_date) VALUES(10013, 'd003', '1985-10-20', '9999-01-01');
INSERT INTO employee_department (emp_no, dept_no, from_date, to_date) VALUES(10014, 'd005', '1993-12-29', '9999-01-01');
INSERT INTO employee_department (emp_no, dept_no, from_date, to_date) VALUES(10015, 'd008', '1992-09-19', '1993-08-22');
INSERT INTO employee_department (emp_no, dept_no, from_date, to_date) VALUES(10016, 'd007', '1998-02-11', '9999-01-01');
INSERT INTO employee_department (emp_no, dept_no, from_date, to_date) VALUES(10017, 'd001', '1993-08-03', '9999-01-01');
INSERT INTO employee_department (emp_no, dept_no, from_date, to_date) VALUES(10018, 'd004', '1992-07-29', '9999-01-01');
INSERT INTO employee_department (emp_no, dept_no, from_date, to_date) VALUES(10018, 'd005', '1987-04-03', '1992-07-29');
INSERT INTO employee_department (emp_no, dept_no, from_date, to_date) VALUES(10019, 'd008', '1999-04-30', '9999-01-01');
INSERT INTO employee_department (emp_no, dept_no, from_date, to_date) VALUES(10020, 'd004', '1997-12-30', '9999-01-01');
INSERT INTO employee_department (emp_no, dept_no, from_date, to_date) VALUES(10021, 'd005', '1988-02-10', '2002-07-15');
INSERT INTO employee_department (emp_no, dept_no, from_date, to_date) VALUES(10022, 'd005', '1999-09-03', '9999-01-01');
INSERT INTO employee_department (emp_no, dept_no, from_date, to_date) VALUES(10023, 'd005', '1999-09-27', '9999-01-01');
INSERT INTO employee_department (emp_no, dept_no, from_date, to_date) VALUES(10024, 'd004', '1998-06-14', '9999-01-01');
INSERT INTO employee_department (emp_no, dept_no, from_date, to_date) VALUES(10025, 'd005', '1987-08-17', '1997-10-15');
INSERT INTO employee_department (emp_no, dept_no, from_date, to_date) VALUES(10026, 'd004', '1995-03-20', '9999-01-01');
INSERT INTO employee_department (emp_no, dept_no, from_date, to_date) VALUES(10027, 'd005', '1995-04-02', '9999-01-01');
INSERT INTO employee_department (emp_no, dept_no, from_date, to_date) VALUES(10028, 'd005', '1991-10-22', '1998-04-06');
INSERT INTO employee_department (emp_no, dept_no, from_date, to_date) VALUES(10029, 'd004', '1991-09-18', '1999-07-08');
INSERT INTO employee_department (emp_no, dept_no, from_date, to_date) VALUES(10029, 'd006', '1999-07-08', '9999-01-01');
INSERT INTO employee_department (emp_no, dept_no, from_date, to_date) VALUES(10030, 'd004', '1994-02-17', '9999-01-01');
INSERT INTO employee_department (emp_no, dept_no, from_date, to_date) VALUES(10031, 'd005', '1991-09-01', '9999-01-01');
INSERT INTO employee_department (emp_no, dept_no, from_date, to_date) VALUES(10032, 'd004', '1990-06-20', '9999-01-01');
INSERT INTO employee_department (emp_no, dept_no, from_date, to_date) VALUES(10033, 'd006', '1987-03-18', '1993-03-24');
INSERT INTO employee_department (emp_no, dept_no, from_date, to_date) VALUES(10034, 'd007', '1995-04-12', '1999-10-31');
INSERT INTO employee_department (emp_no, dept_no, from_date, to_date) VALUES(10035, 'd004', '1988-09-05', '9999-01-01');
INSERT INTO employee_department (emp_no, dept_no, from_date, to_date) VALUES(10036, 'd003', '1992-04-28', '9999-01-01');
INSERT INTO employee_department (emp_no, dept_no, from_date, to_date) VALUES(10037, 'd005', '1990-12-05', '9999-01-01');
INSERT INTO employee_department (emp_no, dept_no, from_date, to_date) VALUES(10038, 'd009', '1989-09-20', '9999-01-01');
INSERT INTO employee_department (emp_no, dept_no, from_date, to_date) VALUES(10039, 'd003', '1988-01-19', '9999-01-01');
INSERT INTO employee_department (emp_no, dept_no, from_date, to_date) VALUES(10040, 'd005', '1993-02-14', '2002-01-22');
INSERT INTO employee_department (emp_no, dept_no, from_date, to_date) VALUES(10040, 'd008', '2002-01-22', '9999-01-01');
INSERT INTO employee_department (emp_no, dept_no, from_date, to_date) VALUES(10041, 'd007', '1989-11-12', '9999-01-01');
INSERT INTO employee_department (emp_no, dept_no, from_date, to_date) VALUES(10042, 'd002', '1993-03-21', '2000-08-10');
INSERT INTO employee_department (emp_no, dept_no, from_date, to_date) VALUES(10043, 'd005', '1990-10-20', '9999-01-01');
INSERT INTO employee_department (emp_no, dept_no, from_date, to_date) VALUES(10044, 'd004', '1994-05-21', '9999-01-01');
INSERT INTO employee_department (emp_no, dept_no, from_date, to_date) VALUES(10045, 'd004', '1996-11-16', '9999-01-01');
INSERT INTO employee_department (emp_no, dept_no, from_date, to_date) VALUES(10046, 'd008', '1992-06-20', '9999-01-01');
INSERT INTO employee_department (emp_no, dept_no, from_date, to_date) VALUES(10047, 'd004', '1989-03-31', '9999-01-01');
INSERT INTO employee_department (emp_no, dept_no, from_date, to_date) VALUES(10048, 'd005', '1985-02-24', '1987-01-27');
INSERT INTO employee_department (emp_no, dept_no, from_date, to_date) VALUES(10049, 'd009', '1992-05-04', '9999-01-01');
INSERT INTO employee_department (emp_no, dept_no, from_date, to_date) VALUES(10050, 'd002', '1990-12-25', '1992-11-05');
INSERT INTO employee_department (emp_no, dept_no, from_date, to_date) VALUES(10050, 'd007', '1992-11-05', '9999-01-01');
INSERT INTO employee_department (emp_no, dept_no, from_date, to_date) VALUES(10051, 'd004', '1992-10-15', '9999-01-01');
INSERT INTO employee_department (emp_no, dept_no, from_date, to_date) VALUES(10052, 'd008', '1997-01-31', '9999-01-01');
INSERT INTO employee_department (emp_no, dept_no, from_date, to_date) VALUES(10053, 'd007', '1994-11-13', '9999-01-01');
INSERT INTO employee_department (emp_no, dept_no, from_date, to_date) VALUES(10054, 'd003', '1995-07-29', '9999-01-01');
INSERT INTO employee_department (emp_no, dept_no, from_date, to_date) VALUES(10055, 'd001', '1992-04-27', '1995-07-22');
INSERT INTO employee_department (emp_no, dept_no, from_date, to_date) VALUES(10056, 'd005', '1990-02-01', '9999-01-01');
INSERT INTO employee_department (emp_no, dept_no, from_date, to_date) VALUES(10057, 'd005', '1992-01-15', '9999-01-01');
INSERT INTO employee_department (emp_no, dept_no, from_date, to_date) VALUES(10058, 'd001', '1988-04-25', '9999-01-01');
INSERT INTO employee_department (emp_no, dept_no, from_date, to_date) VALUES(10059, 'd002', '1991-06-26', '9999-01-01');
INSERT INTO employee_department (emp_no, dept_no, from_date, to_date) VALUES(10060, 'd007', '1989-05-28', '1992-11-11');
INSERT INTO employee_department (emp_no, dept_no, from_date, to_date) VALUES(10060, 'd009', '1992-11-11', '9999-01-01');
INSERT INTO employee_department (emp_no, dept_no, from_date, to_date) VALUES(10061, 'd007', '1989-12-02', '9999-01-01');
INSERT INTO employee_department (emp_no, dept_no, from_date, to_date) VALUES(10062, 'd005', '1991-08-30', '9999-01-01');
INSERT INTO employee_department (emp_no, dept_no, from_date, to_date) VALUES(10063, 'd004', '1989-04-08', '9999-01-01');
INSERT INTO employee_department (emp_no, dept_no, from_date, to_date) VALUES(10064, 'd008', '1985-11-20', '1992-03-02');
INSERT INTO employee_department (emp_no, dept_no, from_date, to_date) VALUES(10065, 'd005', '1998-05-24', '9999-01-01');
INSERT INTO employee_department (emp_no, dept_no, from_date, to_date) VALUES(10066, 'd005', '1986-02-26', '9999-01-01');
INSERT INTO employee_department (emp_no, dept_no, from_date, to_date) VALUES(10067, 'd006', '1987-03-04', '9999-01-01');
INSERT INTO employee_department (emp_no, dept_no, from_date, to_date) VALUES(10068, 'd007', '1987-08-07', '9999-01-01');
INSERT INTO employee_department (emp_no, dept_no, from_date, to_date) VALUES(10069, 'd004', '1992-06-14', '9999-01-01');
INSERT INTO employee_department (emp_no, dept_no, from_date, to_date) VALUES(10070, 'd005', '1985-10-14', '1995-10-18');
INSERT INTO employee_department (emp_no, dept_no, from_date, to_date) VALUES(10070, 'd008', '1995-10-18', '9999-01-01');
INSERT INTO employee_department (emp_no, dept_no, from_date, to_date) VALUES(10071, 'd003', '1995-08-05', '9999-01-01');
INSERT INTO employee_department (emp_no, dept_no, from_date, to_date) VALUES(10072, 'd005', '1989-05-21', '9999-01-01');
INSERT INTO employee_department (emp_no, dept_no, from_date, to_date) VALUES(10073, 'd006', '1998-02-02', '1998-02-22');
INSERT INTO employee_department (emp_no, dept_no, from_date, to_date) VALUES(10074, 'd005', '1990-08-13', '9999-01-01');
INSERT INTO employee_department (emp_no, dept_no, from_date, to_date) VALUES(10075, 'd005', '1988-05-17', '2001-01-15');
INSERT INTO employee_department (emp_no, dept_no, from_date, to_date) VALUES(10076, 'd005', '1996-07-15', '9999-01-01');
INSERT INTO employee_department (emp_no, dept_no, from_date, to_date) VALUES(10077, 'd003', '1994-12-23', '9999-01-01');
INSERT INTO employee_department (emp_no, dept_no, from_date, to_date) VALUES(10078, 'd005', '1994-09-29', '9999-01-01');
INSERT INTO employee_department (emp_no, dept_no, from_date, to_date) VALUES(10079, 'd005', '1995-12-13', '9999-01-01');
INSERT INTO employee_department (emp_no, dept_no, from_date, to_date) VALUES(10080, 'd002', '1994-09-28', '1997-07-09');
INSERT INTO employee_department (emp_no, dept_no, from_date, to_date) VALUES(10080, 'd003', '1997-07-09', '9999-01-01');
INSERT INTO employee_department (emp_no, dept_no, from_date, to_date) VALUES(10081, 'd004', '1986-10-30', '9999-01-01');
INSERT INTO employee_department (emp_no, dept_no, from_date, to_date) VALUES(10082, 'd008', '1990-01-03', '1990-01-15');
INSERT INTO employee_department (emp_no, dept_no, from_date, to_date) VALUES(10083, 'd004', '1987-03-31', '9999-01-01');
INSERT INTO employee_department (emp_no, dept_no, from_date, to_date) VALUES(10084, 'd004', '1995-12-15', '9999-01-01');
INSERT INTO employee_department (emp_no, dept_no, from_date, to_date) VALUES(10085, 'd004', '1994-04-09', '9999-01-01');
INSERT INTO employee_department (emp_no, dept_no, from_date, to_date) VALUES(10086, 'd003', '1992-02-19', '9999-01-01');
INSERT INTO employee_department (emp_no, dept_no, from_date, to_date) VALUES(10087, 'd007', '1997-05-08', '2001-01-09');
INSERT INTO employee_department (emp_no, dept_no, from_date, to_date) VALUES(10088, 'd007', '1988-09-02', '1992-03-21');
INSERT INTO employee_department (emp_no, dept_no, from_date, to_date) VALUES(10088, 'd009', '1992-03-21', '9999-01-01');
INSERT INTO employee_department (emp_no, dept_no, from_date, to_date) VALUES(10089, 'd007', '1989-01-10', '9999-01-01');
INSERT INTO employee_department (emp_no, dept_no, from_date, to_date) VALUES(10090, 'd005', '1986-03-14', '1999-05-07');
INSERT INTO employee_department (emp_no, dept_no, from_date, to_date) VALUES(10091, 'd005', '1992-11-18', '9999-01-01');
INSERT INTO employee_department (emp_no, dept_no, from_date, to_date) VALUES(10092, 'd005', '1996-04-22', '9999-01-01');
INSERT INTO employee_department (emp_no, dept_no, from_date, to_date) VALUES(10093, 'd007', '1997-06-08', '9999-01-01');
INSERT INTO employee_department (emp_no, dept_no, from_date, to_date) VALUES(10094, 'd008', '1987-04-18', '1997-11-08');
INSERT INTO employee_department (emp_no, dept_no, from_date, to_date) VALUES(10095, 'd007', '1994-03-10', '9999-01-01');
INSERT INTO employee_department (emp_no, dept_no, from_date, to_date) VALUES(10096, 'd004', '1999-01-23', '9999-01-01');
INSERT INTO employee_department (emp_no, dept_no, from_date, to_date) VALUES(10097, 'd008', '1990-09-15', '9999-01-01');
INSERT INTO employee_department (emp_no, dept_no, from_date, to_date) VALUES(10098, 'd004', '1985-05-13', '1989-06-29');
INSERT INTO employee_department (emp_no, dept_no, from_date, to_date) VALUES(10098, 'd009', '1989-06-29', '1992-12-11');
INSERT INTO employee_department (emp_no, dept_no, from_date, to_date) VALUES(10099, 'd007', '1988-10-18', '9999-01-01');
INSERT INTO employee_department (emp_no, dept_no, from_date, to_date) VALUES(10100, 'd003', '1987-09-21', '9999-01-01');
INSERT INTO employee_department (emp_no, dept_no, from_date, to_date) VALUES(10101, 'd007', '1998-10-14', '2000-09-23');
INSERT INTO employee_department (emp_no, dept_no, from_date, to_date) VALUES(10102, 'd004', '1995-01-02', '9999-01-01');
INSERT INTO employee_department (emp_no, dept_no, from_date, to_date) VALUES(10103, 'd005', '1998-01-12', '9999-01-01');
INSERT INTO employee_department (emp_no, dept_no, from_date, to_date) VALUES(10104, 'd008', '1987-04-16', '9999-01-01');
INSERT INTO employee_department (emp_no, dept_no, from_date, to_date) VALUES(10105, 'd003', '1999-05-17', '2001-06-11');
INSERT INTO employee_department (emp_no, dept_no, from_date, to_date) VALUES(10106, 'd004', '1991-10-27', '9999-01-01');
INSERT INTO employee_department (emp_no, dept_no, from_date, to_date) VALUES(10107, 'd007', '1999-03-30', '9999-01-01');
INSERT INTO employee_department (emp_no, dept_no, from_date, to_date) VALUES(10108, 'd001', '1999-12-06', '2001-10-20');
INSERT INTO employee_department (emp_no, dept_no, from_date, to_date) VALUES(10108, 'd003', '1999-03-20', '1999-12-06');
INSERT INTO employee_department (emp_no, dept_no, from_date, to_date) VALUES(10109, 'd004', '1993-06-16', '9999-01-01');
INSERT INTO employee_department (emp_no, dept_no, from_date, to_date) VALUES(10110, 'd003', '1986-08-22', '9999-01-01');
INSERT INTO employee_department (emp_no, dept_no, from_date, to_date) VALUES(10111, 'd006', '1988-12-19', '9999-01-01');
INSERT INTO employee_department (emp_no, dept_no, from_date, to_date) VALUES(10112, 'd009', '1998-05-01', '9999-01-01');
INSERT INTO employee_department (emp_no, dept_no, from_date, to_date) VALUES(10113, 'd004', '1998-09-14', '9999-01-01');
INSERT INTO employee_department (emp_no, dept_no, from_date, to_date) VALUES(10114, 'd008', '1992-07-17', '9999-01-01');
INSERT INTO employee_department (emp_no, dept_no, from_date, to_date) VALUES(10115, 'd009', '1988-03-03', '1992-05-24');
INSERT INTO employee_department (emp_no, dept_no, from_date, to_date) VALUES(10116, 'd005', '1994-02-27', '1995-12-03');
INSERT INTO employee_department (emp_no, dept_no, from_date, to_date) VALUES(10116, 'd008', '1995-12-03', '1998-11-01');
INSERT INTO employee_department (emp_no, dept_no, from_date, to_date) VALUES(10117, 'd004', '1992-03-19', '9999-01-01');
INSERT INTO employee_department (emp_no, dept_no, from_date, to_date) VALUES(10118, 'd005', '1992-02-02', '9999-01-01');
INSERT INTO employee_department (emp_no, dept_no, from_date, to_date) VALUES(10119, 'd004', '1993-12-09', '1997-10-30');
INSERT INTO employee_department (emp_no, dept_no, from_date, to_date) VALUES(10120, 'd004', '1996-07-06', '9999-01-01');
INSERT INTO employee_department (emp_no, dept_no, from_date, to_date) VALUES(10121, 'd005', '1989-05-03', '9999-01-01');
INSERT INTO employee_department (emp_no, dept_no, from_date, to_date) VALUES(10122, 'd005', '1998-08-06', '9999-01-01');
INSERT INTO employee_department (emp_no, dept_no, from_date, to_date) VALUES(10123, 'd004', '1993-01-15', '9999-01-01');
INSERT INTO employee_department (emp_no, dept_no, from_date, to_date) VALUES(10124, 'd004', '1991-09-05', '1999-06-06');
INSERT INTO employee_department (emp_no, dept_no, from_date, to_date) VALUES(10124, 'd006', '1999-06-06', '9999-01-01');
INSERT INTO employee_department (emp_no, dept_no, from_date, to_date) VALUES(10125, 'd007', '1990-10-26', '1996-03-25');
INSERT INTO employee_department (emp_no, dept_no, from_date, to_date) VALUES(10126, 'd009', '1985-09-08', '9999-01-01');
INSERT INTO employee_department (emp_no, dept_no, from_date, to_date) VALUES(10127, 'd005', '1991-05-17', '9999-01-01');
INSERT INTO employee_department (emp_no, dept_no, from_date, to_date) VALUES(10128, 'd009', '1988-06-06', '9999-01-01');
INSERT INTO employee_department (emp_no, dept_no, from_date, to_date) VALUES(10129, 'd005', '1996-01-16', '9999-01-01');
INSERT INTO employee_department (emp_no, dept_no, from_date, to_date) VALUES(10130, 'd004', '1988-06-21', '9999-01-01');
INSERT INTO employee_department (emp_no, dept_no, from_date, to_date) VALUES(10131, 'd004', '1999-09-17', '1999-12-06');
INSERT INTO employee_department (emp_no, dept_no, from_date, to_date) VALUES(10132, 'd002', '1997-06-18', '9999-01-01');
INSERT INTO employee_department (emp_no, dept_no, from_date, to_date) VALUES(10133, 'd004', '1985-12-15', '9999-01-01');
INSERT INTO employee_department (emp_no, dept_no, from_date, to_date) VALUES(10134, 'd004', '1993-12-02', '9999-01-01');
INSERT INTO employee_department (emp_no, dept_no, from_date, to_date) VALUES(10134, 'd005', '1987-12-12', '1993-12-02');
INSERT INTO employee_department (emp_no, dept_no, from_date, to_date) VALUES(10135, 'd004', '1990-01-04', '9999-01-01');
INSERT INTO employee_department (emp_no, dept_no, from_date, to_date) VALUES(10136, 'd007', '1988-06-13', '1999-09-20');
INSERT INTO employee_department (emp_no, dept_no, from_date, to_date) VALUES(10137, 'd009', '1985-02-18', '9999-01-01');
INSERT INTO employee_department (emp_no, dept_no, from_date, to_date) VALUES(10138, 'd006', '1992-03-03', '9999-01-01');
INSERT INTO employee_department (emp_no, dept_no, from_date, to_date) VALUES(10139, 'd005', '1998-03-15', '9999-01-01');
INSERT INTO employee_department (emp_no, dept_no, from_date, to_date) VALUES(10140, 'd001', '1991-03-14', '9999-01-01');
INSERT INTO employee_department (emp_no, dept_no, from_date, to_date) VALUES(10141, 'd008', '1998-07-23', '9999-01-01');
INSERT INTO employee_department (emp_no, dept_no, from_date, to_date) VALUES(10142, 'd005', '1993-10-28', '9999-01-01');
INSERT INTO employee_department (emp_no, dept_no, from_date, to_date) VALUES(10143, 'd005', '1988-09-30', '9999-01-01');
INSERT INTO employee_department (emp_no, dept_no, from_date, to_date) VALUES(10144, 'd002', '1985-10-14', '1988-09-02');
INSERT INTO employee_department (emp_no, dept_no, from_date, to_date) VALUES(10144, 'd003', '1988-09-02', '1993-08-10');
INSERT INTO employee_department (emp_no, dept_no, from_date, to_date) VALUES(10145, 'd005', '1999-11-03', '9999-01-01');
INSERT INTO employee_department (emp_no, dept_no, from_date, to_date) VALUES(10146, 'd002', '1988-06-28', '1990-09-07');
INSERT INTO employee_department (emp_no, dept_no, from_date, to_date) VALUES(10147, 'd002', '1987-12-18', '9999-01-01');
INSERT INTO employee_department (emp_no, dept_no, from_date, to_date) VALUES(10148, 'd007', '1996-07-15', '9999-01-01');
INSERT INTO employee_department (emp_no, dept_no, from_date, to_date) VALUES(10149, 'd007', '1994-01-28', '1996-08-27');
INSERT INTO employee_department (emp_no, dept_no, from_date, to_date) VALUES(10150, 'd005', '1986-11-16', '9999-01-01');
INSERT INTO employee_department (emp_no, dept_no, from_date, to_date) VALUES(10151, 'd007', '1992-12-12', '9999-01-01');
INSERT INTO employee_department (emp_no, dept_no, from_date, to_date) VALUES(10152, 'd006', '1986-01-27', '1987-08-03');
INSERT INTO employee_department (emp_no, dept_no, from_date, to_date) VALUES(10153, 'd005', '2000-01-08', '9999-01-01');
INSERT INTO employee_department (emp_no, dept_no, from_date, to_date) VALUES(10154, 'd009', '1996-10-23', '9999-01-01');
INSERT INTO employee_department (emp_no, dept_no, from_date, to_date) VALUES(10155, 'd004', '1990-07-12', '9999-01-01');
INSERT INTO employee_department (emp_no, dept_no, from_date, to_date) VALUES(10155, 'd008', '1990-01-05', '1990-07-12');
INSERT INTO employee_department (emp_no, dept_no, from_date, to_date) VALUES(10156, 'd006', '1993-05-14', '9999-01-01');
INSERT INTO employee_department (emp_no, dept_no, from_date, to_date) VALUES(10157, 'd005', '1997-12-10', '9999-01-01');
INSERT INTO employee_department (emp_no, dept_no, from_date, to_date) VALUES(10158, 'd004', '1987-06-04', '9999-01-01');
INSERT INTO employee_department (emp_no, dept_no, from_date, to_date) VALUES(10159, 'd006', '1996-06-12', '9999-01-01');
INSERT INTO employee_department (emp_no, dept_no, from_date, to_date) VALUES(10160, 'd007', '1993-12-06', '9999-01-01');
INSERT INTO employee_department (emp_no, dept_no, from_date, to_date) VALUES(10161, 'd004', '1991-06-09', '1994-01-05');
INSERT INTO employee_department (emp_no, dept_no, from_date, to_date) VALUES(10162, 'd004', '1998-05-27', '9999-01-01');
INSERT INTO employee_department (emp_no, dept_no, from_date, to_date) VALUES(10163, 'd003', '1992-02-02', '9999-01-01');
INSERT INTO employee_department (emp_no, dept_no, from_date, to_date) VALUES(10164, 'd004', '1990-10-19', '2000-05-31');
INSERT INTO employee_department (emp_no, dept_no, from_date, to_date) VALUES(10164, 'd009', '2000-05-31', '9999-01-01');
INSERT INTO employee_department (emp_no, dept_no, from_date, to_date) VALUES(10165, 'd002', '1988-05-17', '9999-01-01');
INSERT INTO employee_department (emp_no, dept_no, from_date, to_date) VALUES(10166, 'd005', '1996-09-02', '9999-01-01');
INSERT INTO employee_department (emp_no, dept_no, from_date, to_date) VALUES(10167, 'd004', '1992-04-04', '9999-01-01');
INSERT INTO employee_department (emp_no, dept_no, from_date, to_date) VALUES(10168, 'd008', '1986-12-06', '9999-01-01');
INSERT INTO employee_department (emp_no, dept_no, from_date, to_date) VALUES(10169, 'd005', '1998-06-28', '9999-01-01');
INSERT INTO employee_department (emp_no, dept_no, from_date, to_date) VALUES(10170, 'd004', '1986-01-02', '1989-02-06');
INSERT INTO employee_department (emp_no, dept_no, from_date, to_date) VALUES(10171, 'd004', '1996-08-05', '9999-01-01');
INSERT INTO employee_department (emp_no, dept_no, from_date, to_date) VALUES(10172, 'd005', '1998-02-04', '1998-10-01');
INSERT INTO employee_department (emp_no, dept_no, from_date, to_date) VALUES(10172, 'd008', '1998-10-01', '9999-01-01');
INSERT INTO employee_department (emp_no, dept_no, from_date, to_date) VALUES(10173, 'd002', '1992-03-21', '9999-01-01');
INSERT INTO employee_department (emp_no, dept_no, from_date, to_date) VALUES(10174, 'd004', '1987-06-01', '9999-01-01');
INSERT INTO employee_department (emp_no, dept_no, from_date, to_date) VALUES(10175, 'd001', '1988-09-24', '1995-05-24');
INSERT INTO employee_department (emp_no, dept_no, from_date, to_date) VALUES(10176, 'd009', '1994-12-22', '9999-01-01');
INSERT INTO employee_department (emp_no, dept_no, from_date, to_date) VALUES(10177, 'd002', '1993-02-06', '1994-03-17');
INSERT INTO employee_department (emp_no, dept_no, from_date, to_date) VALUES(10178, 'd007', '1994-03-21', '9999-01-01');
INSERT INTO employee_department (emp_no, dept_no, from_date, to_date) VALUES(10179, 'd005', '2000-01-25', '9999-01-01');
INSERT INTO employee_department (emp_no, dept_no, from_date, to_date) VALUES(10180, 'd002', '1994-07-01', '9999-01-01');
INSERT INTO employee_department (emp_no, dept_no, from_date, to_date) VALUES(10181, 'd005', '1988-06-22', '9999-01-01');
INSERT INTO employee_department (emp_no, dept_no, from_date, to_date) VALUES(10182, 'd005', '1990-09-02', '1999-01-05');
INSERT INTO employee_department (emp_no, dept_no, from_date, to_date) VALUES(10182, 'd008', '1999-01-05', '9999-01-01');
INSERT INTO employee_department (emp_no, dept_no, from_date, to_date) VALUES(10183, 'd009', '1996-08-11', '9999-01-01');
INSERT INTO employee_department (emp_no, dept_no, from_date, to_date) VALUES(10184, 'd009', '1997-12-26', '9999-01-01');
INSERT INTO employee_department (emp_no, dept_no, from_date, to_date) VALUES(10185, 'd007', '1986-03-01', '9999-01-01');
INSERT INTO employee_department (emp_no, dept_no, from_date, to_date) VALUES(10186, 'd002', '1996-12-25', '1997-08-16');
INSERT INTO employee_department (emp_no, dept_no, from_date, to_date) VALUES(10187, 'd002', '1991-06-01', '9999-01-01');
INSERT INTO employee_department (emp_no, dept_no, from_date, to_date) VALUES(10188, 'd004', '1987-08-27', '9999-01-01');
INSERT INTO employee_department (emp_no, dept_no, from_date, to_date) VALUES(10189, 'd005', '1992-09-13', '1993-06-29');
INSERT INTO employee_department (emp_no, dept_no, from_date, to_date) VALUES(10190, 'd004', '1986-06-23', '9999-01-01');
INSERT INTO employee_department (emp_no, dept_no, from_date, to_date) VALUES(10191, 'd005', '1986-04-10', '9999-01-01');
INSERT INTO employee_department (emp_no, dept_no, from_date, to_date) VALUES(10192, 'd004', '1999-08-09', '9999-01-01');
INSERT INTO employee_department (emp_no, dept_no, from_date, to_date) VALUES(10192, 'd006', '1988-06-13', '1999-08-09');
INSERT INTO employee_department (emp_no, dept_no, from_date, to_date) VALUES(10193, 'd005', '1996-09-21', '9999-01-01');
INSERT INTO employee_department (emp_no, dept_no, from_date, to_date) VALUES(10194, 'd002', '1997-02-14', '9999-01-01');
INSERT INTO employee_department (emp_no, dept_no, from_date, to_date) VALUES(10195, 'd004', '1985-02-15', '2001-04-14');
INSERT INTO employee_department (emp_no, dept_no, from_date, to_date) VALUES(10196, 'd002', '1999-01-31', '9999-01-01');
INSERT INTO employee_department (emp_no, dept_no, from_date, to_date) VALUES(10197, 'd005', '1994-06-28', '9999-01-01');
INSERT INTO employee_department (emp_no, dept_no, from_date, to_date) VALUES(10198, 'd005', '1985-08-31', '9999-01-01');
INSERT INTO employee_department (emp_no, dept_no, from_date, to_date) VALUES(10199, 'd007', '1998-02-07', '9999-01-01');
INSERT INTO employee_department (emp_no, dept_no, from_date, to_date) VALUES(10200, 'd004', '1994-02-17', '2000-10-03');
INSERT INTO employee_department (emp_no, dept_no, from_date, to_date) VALUES(10200, 'd006', '2000-10-03', '9999-01-01');